<?xml version='1.0' encoding='UTF-8' ?>
<timeLogEntries>
  <time id="11" path="/Proyecto/ProyectoPSM/PSP0.1/Planning" start="@1638518308060" delta="5" flag="A" />
  <time id="12" path="/Proyecto/ProyectoPSM/PSP0.1/Design" start="@1638518859609" delta="12" flag="A" />
  <time id="13" path="/Proyecto/ProyectoPSM/PSP0.1/Code" start="@1638519562867" delta="39" flag="A" />
  <time id="14" path="/Proyecto/ProyectoPSM/PSP0.1/Code" start="@1638551294466" delta="2" flag="A" />
  <time id="15" path="/Proyecto/ProyectoPSM/PSP0.1/Code" start="@1638552773413" delta="2" flag="A" />
  <time id="16" path="/Proyecto/ProyectoPSM/PSP0.1/Compile" start="@1638552905822" delta="1" flag="A" />
  <time id="17" path="/Proyecto/ProyectoPSM/PSP0.1/Compile" start="@1638553002977" delta="4" flag="A" />
  <time id="18" path="/Proyecto/ProyectoPSM/PSP0.1/Test" start="@1638553307806" delta="1" flag="A" />
  <time id="19" path="/Proyecto/ProyectoPSM/PSP0.1/Postmortem" start="@1638553322442" flag="A" />
</timeLogEntries>
