<?xml version='1.0' encoding='UTF-8' ?>
<timeLogEntries>
  <time id="1" path="/Proyecto/Dia1/PSP0.1/Planning" start="@1637308661438" delta="15" />
  <time id="2" path="/Proyecto/Dia1/PSP0.1/Design" start="@1637309562942" delta="16" />
  <time id="3" path="/Proyecto/Dia1/PSP0.1/Code" start="@1637310511184" delta="39" />
  <time id="4" path="/Proyecto/Dia1/PSP0.1/Compile" start="@1637312833931" delta="6" />
  <time id="5" path="/Proyecto/Dia1/PSP0.1/Test" start="@1637313215497" delta="5" />
  <time id="6" path="/Proyecto/Dia1/PSP0.1/Postmortem" start="@1637313529799" delta="6" />
  <time id="7" path="/Proyecto/Dia1/PSP0.1/Planning" start="@1637313895519" delta="1" />
  <time id="8" path="/Proyecto/Dia1/PSP0.1/Design" start="@1637313896726" delta="1" />
  <time id="9" path="/Proyecto/Dia1/PSP0.1/Code" start="@1637313898417" delta="1" />
  <time id="10" path="/Proyecto/Dia1/PSP0.1/Postmortem" start="@1637313902709" />
</timeLogEntries>
